Workbook

Sheet Calc
A1: Start | B1: End | C1: Status | E1: Departments | F1: Owners
A2: =IF(Data!A2="","",IF(ISNUMBER(Data!C2),Data!C2,IFERROR(DATEVALUE(Data!C2),IFERROR(DATEVALUE(SUBSTITUTE(Data!C2,"-"," ")),"")))) | B2: =IF(Data!A2="","",IF(ISNUMBER(Data!D2),Data!D2,IFERROR(DATEVALUE(Data!D2),IFERROR(DATEVALUE(SUBSTITUTE(Data!D2,"-"," ")),"")))) | C2: =IF(Data!A2="","",IF(AND(A2="",B2=""),"Undated",IF(AND(A2<>"",TODAY()<A2),"Upcoming",IF(AND(B2<>"",TODAY()>B2),"Completed","Active")))) | E2: =IFERROR(SORT(UNIQUE(FILTER(Data!F2:F1000,Data!F2:F1000<>""))),"") | F2: =IFERROR(SORT(UNIQUE(FILTER(Data!E2:E1000,Data!E2:E1000<>""))),"")
A3: =IF(Data!A3="","",IF(ISNUMBER(Data!C3),Data!C3,IFERROR(DATEVALUE(Data!C3),IFERROR(DATEVALUE(SUBSTITUTE(Data!C3,"-"," ")),"")))) | B3: =IF(Data!A3="","",IF(ISNUMBER(Data!D3),Data!D3,IFERROR(DATEVALUE(Data!D3),IFERROR(DATEVALUE(SUBSTITUTE(Data!D3,"-"," ")),"")))) | C3: =IF(Data!A3="","",IF(AND(A3="",B3=""),"Undated",IF(AND(A3<>"",TODAY()<A3),"Upcoming",IF(AND(B3<>"",TODAY()>B3),"Completed","Active"))))
A4: =IF(Data!A4="","",IF(ISNUMBER(Data!C4),Data!C4,IFERROR(DATEVALUE(Data!C4),IFERROR(DATEVALUE(SUBSTITUTE(Data!C4,"-"," ")),"")))) | B4: =IF(Data!A4="","",IF(ISNUMBER(Data!D4),Data!D4,IFERROR(DATEVALUE(Data!D4),IFERROR(DATEVALUE(SUBSTITUTE(Data!D4,"-"," ")),"")))) | C4: =IF(Data!A4="","",IF(AND(A4="",B4=""),"Undated",IF(AND(A4<>"",TODAY()<A4),"Upcoming",IF(AND(B4<>"",TODAY()>B4),"Completed","Active"))))
A5: =IF(Data!A5="","",IF(ISNUMBER(Data!C5),Data!C5,IFERROR(DATEVALUE(Data!C5),IFERROR(DATEVALUE(SUBSTITUTE(Data!C5,"-"," ")),"")))) | B5: =IF(Data!A5="","",IF(ISNUMBER(Data!D5),Data!D5,IFERROR(DATEVALUE(Data!D5),IFERROR(DATEVALUE(SUBSTITUTE(Data!D5,"-"," ")),"")))) | C5: =IF(Data!A5="","",IF(AND(A5="",B5=""),"Undated",IF(AND(A5<>"",TODAY()<A5),"Upcoming",IF(AND(B5<>"",TODAY()>B5),"Completed","Active"))))
A6: =IF(Data!A6="","",IF(ISNUMBER(Data!C6),Data!C6,IFERROR(DATEVALUE(Data!C6),IFERROR(DATEVALUE(SUBSTITUTE(Data!C6,"-"," ")),"")))) | B6: =IF(Data!A6="","",IF(ISNUMBER(Data!D6),Data!D6,IFERROR(DATEVALUE(Data!D6),IFERROR(DATEVALUE(SUBSTITUTE(Data!D6,"-"," ")),"")))) | C6: =IF(Data!A6="","",IF(AND(A6="",B6=""),"Undated",IF(AND(A6<>"",TODAY()<A6),"Upcoming",IF(AND(B6<>"",TODAY()>B6),"Completed","Active"))))
A7: =IF(Data!A7="","",IF(ISNUMBER(Data!C7),Data!C7,IFERROR(DATEVALUE(Data!C7),IFERROR(DATEVALUE(SUBSTITUTE(Data!C7,"-"," ")),"")))) | B7: =IF(Data!A7="","",IF(ISNUMBER(Data!D7),Data!D7,IFERROR(DATEVALUE(Data!D7),IFERROR(DATEVALUE(SUBSTITUTE(Data!D7,"-"," ")),"")))) | C7: =IF(Data!A7="","",IF(AND(A7="",B7=""),"Undated",IF(AND(A7<>"",TODAY()<A7),"Upcoming",IF(AND(B7<>"",TODAY()>B7),"Completed","Active"))))
A8: =IF(Data!A8="","",IF(ISNUMBER(Data!C8),Data!C8,IFERROR(DATEVALUE(Data!C8),IFERROR(DATEVALUE(SUBSTITUTE(Data!C8,"-"," ")),"")))) | B8: =IF(Data!A8="","",IF(ISNUMBER(Data!D8),Data!D8,IFERROR(DATEVALUE(Data!D8),IFERROR(DATEVALUE(SUBSTITUTE(Data!D8,"-"," ")),"")))) | C8: =IF(Data!A8="","",IF(AND(A8="",B8=""),"Undated",IF(AND(A8<>"",TODAY()<A8),"Upcoming",IF(AND(B8<>"",TODAY()>B8),"Completed","Active"))))
A9: =IF(Data!A9="","",IF(ISNUMBER(Data!C9),Data!C9,IFERROR(DATEVALUE(Data!C9),IFERROR(DATEVALUE(SUBSTITUTE(Data!C9,"-"," ")),"")))) | B9: =IF(Data!A9="","",IF(ISNUMBER(Data!D9),Data!D9,IFERROR(DATEVALUE(Data!D9),IFERROR(DATEVALUE(SUBSTITUTE(Data!D9,"-"," ")),"")))) | C9: =IF(Data!A9="","",IF(AND(A9="",B9=""),"Undated",IF(AND(A9<>"",TODAY()<A9),"Upcoming",IF(AND(B9<>"",TODAY()>B9),"Completed","Active"))))
A10: =IF(Data!A10="","",IF(ISNUMBER(Data!C10),Data!C10,IFERROR(DATEVALUE(Data!C10),IFERROR(DATEVALUE(SUBSTITUTE(Data!C10,"-"," ")),"")))) | B10: =IF(Data!A10="","",IF(ISNUMBER(Data!D10),Data!D10,IFERROR(DATEVALUE(Data!D10),IFERROR(DATEVALUE(SUBSTITUTE(Data!D10,"-"," ")),"")))) | C10: =IF(Data!A10="","",IF(AND(A10="",B10=""),"Undated",IF(AND(A10<>"",TODAY()<A10),"Upcoming",IF(AND(B10<>"",TODAY()>B10),"Completed","Active"))))
A11: =IF(Data!A11="","",IF(ISNUMBER(Data!C11),Data!C11,IFERROR(DATEVALUE(Data!C11),IFERROR(DATEVALUE(SUBSTITUTE(Data!C11,"-"," ")),"")))) | B11: =IF(Data!A11="","",IF(ISNUMBER(Data!D11),Data!D11,IFERROR(DATEVALUE(Data!D11),IFERROR(DATEVALUE(SUBSTITUTE(Data!D11,"-"," ")),"")))) | C11: =IF(Data!A11="","",IF(AND(A11="",B11=""),"Undated",IF(AND(A11<>"",TODAY()<A11),"Upcoming",IF(AND(B11<>"",TODAY()>B11),"Completed","Active"))))
A12: =IF(Data!A12="","",IF(ISNUMBER(Data!C12),Data!C12,IFERROR(DATEVALUE(Data!C12),IFERROR(DATEVALUE(SUBSTITUTE(Data!C12,"-"," ")),"")))) | B12: =IF(Data!A12="","",IF(ISNUMBER(Data!D12),Data!D12,IFERROR(DATEVALUE(Data!D12),IFERROR(DATEVALUE(SUBSTITUTE(Data!D12,"-"," ")),"")))) | C12: =IF(Data!A12="","",IF(AND(A12="",B12=""),"Undated",IF(AND(A12<>"",TODAY()<A12),"Upcoming",IF(AND(B12<>"",TODAY()>B12),"Completed","Active"))))
A13: =IF(Data!A13="","",IF(ISNUMBER(Data!C13),Data!C13,IFERROR(DATEVALUE(Data!C13),IFERROR(DATEVALUE(SUBSTITUTE(Data!C13,"-"," ")),"")))) | B13: =IF(Data!A13="","",IF(ISNUMBER(Data!D13),Data!D13,IFERROR(DATEVALUE(Data!D13),IFERROR(DATEVALUE(SUBSTITUTE(Data!D13,"-"," ")),"")))) | C13: =IF(Data!A13="","",IF(AND(A13="",B13=""),"Undated",IF(AND(A13<>"",TODAY()<A13),"Upcoming",IF(AND(B13<>"",TODAY()>B13),"Completed","Active"))))
A14: =IF(Data!A14="","",IF(ISNUMBER(Data!C14),Data!C14,IFERROR(DATEVALUE(Data!C14),IFERROR(DATEVALUE(SUBSTITUTE(Data!C14,"-"," ")),"")))) | B14: =IF(Data!A14="","",IF(ISNUMBER(Data!D14),Data!D14,IFERROR(DATEVALUE(Data!D14),IFERROR(DATEVALUE(SUBSTITUTE(Data!D14,"-"," ")),"")))) | C14: =IF(Data!A14="","",IF(AND(A14="",B14=""),"Undated",IF(AND(A14<>"",TODAY()<A14),"Upcoming",IF(AND(B14<>"",TODAY()>B14),"Completed","Active"))))
... A1000: =IF(Data!A1000="","",IF(ISNUMBER(Data!C1000),Data!C1000,IFERROR(DATEVALUE(Data!C1000),IFERROR(DATEVALUE(SUBSTITUTE(Data!C1000,"-"," ")),"")))) | B1000: =IF(Data!A1000="","",IF(ISNUMBER(Data!D1000),Data!D1000,IFERROR(DATEVALUE(Data!D1000),IFERROR(DATEVALUE(SUBSTITUTE(Data!D1000,"-"," ")),"")))) | C1000: =IF(Data!A1000="","",IF(AND(A1000="",B1000=""),"Undated",IF(AND(A1000<>"",TODAY()<A1000),"Upcoming",IF(AND(B1000<>"",TODAY()>B1000),"Completed","Active"))))

Sheet Overview
A1: Portfolio Overview
A2: Projects, owners and delivery status across departments.
A4: Total Projects | B4: Departments | C4: Owners | D4: Active | E4: Upcoming
A5: =COUNTA(Data!A2:A1000) | B5: =IFERROR(COUNTA(UNIQUE(FILTER(Data!F2:F1000,Data!F2:F1000<>""))),0) | C5: =IFERROR(COUNTA(UNIQUE(FILTER(Data!E2:E1000,Data!E2:E1000<>""))),0) | D5: =COUNTIF(Calc!C2:C1000,"Active") | E5: =COUNTIF(Calc!C2:C1000,"Upcoming")
A7: Departments
A8: Portfolio grouped by owning department.
A9: Department | B9: Projects | C9: Owners | D9: Active | E9: Of Portfolio | F9: Share | G9: Earliest Start
A10: =IFERROR(SORT(UNIQUE(FILTER(Data!$F$2:$F$1000,Data!$F$2:$F$1000<>""))),"") | B10: =IF($A10="","",COUNTIF(Data!$F$2:$F$1000,$A10)) | C10: =IF($A10="","",LET(k,(Data!$F$2:$F$1000=$A10)*(Data!$E$2:$E$1000<>""),IF(SUM(k)=0,0,COUNTA(UNIQUE(FILTER(Data!$E$2:$E$1000,k)))))) | D10: =IF($A10="","",COUNTIFS(Data!$F$2:$F$1000,$A10,Calc!$C$2:$C$1000,"Active")) | E10: =IF($A10="","",IFERROR($B10/$A$5,0)) | F10: =IF($A10="","",REPT("|",ROUND($E10*24,0))) | G10: =IF($A10="","",LET(v,MINIFS(Calc!$A$2:$A$1000,Data!$F$2:$F$1000,$A10,Calc!$A$2:$A$1000,"<>"),IF(v=0,"",v)))
B11: =IF($A11="","",COUNTIF(Data!$F$2:$F$1000,$A11)) | C11: =IF($A11="","",LET(k,(Data!$F$2:$F$1000=$A11)*(Data!$E$2:$E$1000<>""),IF(SUM(k)=0,0,COUNTA(UNIQUE(FILTER(Data!$E$2:$E$1000,k)))))) | D11: =IF($A11="","",COUNTIFS(Data!$F$2:$F$1000,$A11,Calc!$C$2:$C$1000,"Active")) | E11: =IF($A11="","",IFERROR($B11/$A$5,0)) | F11: =IF($A11="","",REPT("|",ROUND($E11*24,0))) | G11: =IF($A11="","",LET(v,MINIFS(Calc!$A$2:$A$1000,Data!$F$2:$F$1000,$A11,Calc!$A$2:$A$1000,"<>"),IF(v=0,"",v)))
B12: =IF($A12="","",COUNTIF(Data!$F$2:$F$1000,$A12)) | C12: =IF($A12="","",LET(k,(Data!$F$2:$F$1000=$A12)*(Data!$E$2:$E$1000<>""),IF(SUM(k)=0,0,COUNTA(UNIQUE(FILTER(Data!$E$2:$E$1000,k)))))) | D12: =IF($A12="","",COUNTIFS(Data!$F$2:$F$1000,$A12,Calc!$C$2:$C$1000,"Active")) | E12: =IF($A12="","",IFERROR($B12/$A$5,0)) | F12: =IF($A12="","",REPT("|",ROUND($E12*24,0))) | G12: =IF($A12="","",LET(v,MINIFS(Calc!$A$2:$A$1000,Data!$F$2:$F$1000,$A12,Calc!$A$2:$A$1000,"<>"),IF(v=0,"",v)))
B13: =IF($A13="","",COUNTIF(Data!$F$2:$F$1000,$A13)) | C13: =IF($A13="","",LET(k,(Data!$F$2:$F$1000=$A13)*(Data!$E$2:$E$1000<>""),IF(SUM(k)=0,0,COUNTA(UNIQUE(FILTER(Data!$E$2:$E$1000,k)))))) | D13: =IF($A13="","",COUNTIFS(Data!$F$2:$F$1000,$A13,Calc!$C$2:$C$1000,"Active")) | E13: =IF($A13="","",IFERROR($B13/$A$5,0)) | F13: =IF($A13="","",REPT("|",ROUND($E13*24,0))) | G13: =IF($A13="","",LET(v,MINIFS(Calc!$A$2:$A$1000,Data!$F$2:$F$1000,$A13,Calc!$A$2:$A$1000,"<>"),IF(v=0,"",v)))
B14: =IF($A14="","",COUNTIF(Data!$F$2:$F$1000,$A14)) | C14: =IF($A14="","",LET(k,(Data!$F$2:$F$1000=$A14)*(Data!$E$2:$E$1000<>""),IF(SUM(k)=0,0,COUNTA(UNIQUE(FILTER(Data!$E$2:$E$1000,k)))))) | D14: =IF($A14="","",COUNTIFS(Data!$F$2:$F$1000,$A14,Calc!$C$2:$C$1000,"Active")) | E14: =IF($A14="","",IFERROR($B14/$A$5,0)) | F14: =IF($A14="","",REPT("|",ROUND($E14*24,0))) | G14: =IF($A14="","",LET(v,MINIFS(Calc!$A$2:$A$1000,Data!$F$2:$F$1000,$A14,Calc!$A$2:$A$1000,"<>"),IF(v=0,"",v)))
B15: =IF($A15="","",COUNTIF(Data!$F$2:$F$1000,$A15)) | C15: =IF($A15="","",LET(k,(Data!$F$2:$F$1000=$A15)*(Data!$E$2:$E$1000<>""),IF(SUM(k)=0,0,COUNTA(UNIQUE(FILTER(Data!$E$2:$E$1000,k)))))) | D15: =IF($A15="","",COUNTIFS(Data!$F$2:$F$1000,$A15,Calc!$C$2:$C$1000,"Active")) | E15: =IF($A15="","",IFERROR($B15/$A$5,0)) | F15: =IF($A15="","",REPT("|",ROUND($E15*24,0))) | G15: =IF($A15="","",LET(v,MINIFS(Calc!$A$2:$A$1000,Data!$F$2:$F$1000,$A15,Calc!$A$2:$A$1000,"<>"),IF(v=0,"",v)))
B16: =IF($A16="","",COUNTIF(Data!$F$2:$F$1000,$A16)) | C16: =IF($A16="","",LET(k,(Data!$F$2:$F$1000=$A16)*(Data!$E$2:$E$1000<>""),IF(SUM(k)=0,0,COUNTA(UNIQUE(FILTER(Data!$E$2:$E$1000,k)))))) | D16: =IF($A16="","",COUNTIFS(Data!$F$2:$F$1000,$A16,Calc!$C$2:$C$1000,"Active")) | E16: =IF($A16="","",IFERROR($B16/$A$5,0)) | F16: =IF($A16="","",REPT("|",ROUND($E16*24,0))) | G16: =IF($A16="","",LET(v,MINIFS(Calc!$A$2:$A$1000,Data!$F$2:$F$1000,$A16,Calc!$A$2:$A$1000,"<>"),IF(v=0,"",v)))
B17: =IF($A17="","",COUNTIF(Data!$F$2:$F$1000,$A17)) | C17: =IF($A17="","",LET(k,(Data!$F$2:$F$1000=$A17)*(Data!$E$2:$E$1000<>""),IF(SUM(k)=0,0,COUNTA(UNIQUE(FILTER(Data!$E$2:$E$1000,k)))))) | D17: =IF($A17="","",COUNTIFS(Data!$F$2:$F$1000,$A17,Calc!$C$2:$C$1000,"Active")) | E17: =IF($A17="","",IFERROR($B17/$A$5,0)) | F17: =IF($A17="","",REPT("|",ROUND($E17*24,0))) | G17: =IF($A17="","",LET(v,MINIFS(Calc!$A$2:$A$1000,Data!$F$2:$F$1000,$A17,Calc!$A$2:$A$1000,"<>"),IF(v=0,"",v)))
B18: =IF($A18="","",COUNTIF(Data!$F$2:$F$1000,$A18)) | C18: =IF($A18="","",LET(k,(Data!$F$2:$F$1000=$A18)*(Data!$E$2:$E$1000<>""),IF(SUM(k)=0,0,COUNTA(UNIQUE(FILTER(Data!$E$2:$E$1000,k)))))) | D18: =IF($A18="","",COUNTIFS(Data!$F$2:$F$1000,$A18,Calc!$C$2:$C$1000,"Active")) | E18: =IF($A18="","",IFERROR($B18/$A$5,0)) | F18: =IF($A18="","",REPT("|",ROUND($E18*24,0))) | G18: =IF($A18="","",LET(v,MINIFS(Calc!$A$2:$A$1000,Data!$F$2:$F$1000,$A18,Calc!$A$2:$A$1000,"<>"),IF(v=0,"",v)))
B19: =IF($A19="","",COUNTIF(Data!$F$2:$F$1000,$A19)) | C19: =IF($A19="","",LET(k,(Data!$F$2:$F$1000=$A19)*(Data!$E$2:$E$1000<>""),IF(SUM(k)=0,0,COUNTA(UNIQUE(FILTER(Data!$E$2:$E$1000,k)))))) | D19: =IF($A19="","",COUNTIFS(Data!$F$2:$F$1000,$A19,Calc!$C$2:$C$1000,"Active")) | E19: =IF($A19="","",IFERROR($B19/$A$5,0)) | F19: =IF($A19="","",REPT("|",ROUND($E19*24,0))) | G19: =IF($A19="","",LET(v,MINIFS(Calc!$A$2:$A$1000,Data!$F$2:$F$1000,$A19,Calc!$A$2:$A$1000,"<>"),IF(v=0,"",v)))
B20: =IF($A20="","",COUNTIF(Data!$F$2:$F$1000,$A20)) | C20: =IF($A20="","",LET(k,(Data!$F$2:$F$1000=$A20)*(Data!$E$2:$E$1000<>""),IF(SUM(k)=0,0,COUNTA(UNIQUE(FILTER(Data!$E$2:$E$1000,k)))))) | D20: =IF($A20="","",COUNTIFS(Data!$F$2:$F$1000,$A20,Calc!$C$2:$C$1000,"Active")) | E20: =IF($A20="","",IFERROR($B20/$A$5,0)) | F20: =IF($A20="","",REPT("|",ROUND($E20*24,0))) | G20: =IF($A20="","",LET(v,MINIFS(Calc!$A$2:$A$1000,Data!$F$2:$F$1000,$A20,Calc!$A$2:$A$1000,"<>"),IF(v=0,"",v)))
B21: =IF($A21="","",COUNTIF(Data!$F$2:$F$1000,$A21)) | C21: =IF($A21="","",LET(k,(Data!$F$2:$F$1000=$A21)*(Data!$E$2:$E$1000<>""),IF(SUM(k)=0,0,COUNTA(UNIQUE(FILTER(Data!$E$2:$E$1000,k)))))) | D21: =IF($A21="","",COUNTIFS(Data!$F$2:$F$1000,$A21,Calc!$C$2:$C$1000,"Active")) | E21: =IF($A21="","",IFERROR($B21/$A$5,0)) | F21: =IF($A21="","",REPT("|",ROUND($E21*24,0))) | G21: =IF($A21="","",LET(v,MINIFS(Calc!$A$2:$A$1000,Data!$F$2:$F$1000,$A21,Calc!$A$2:$A$1000,"<>"),IF(v=0,"",v)))
B22: =IF($A22="","",COUNTIF(Data!$F$2:$F$1000,$A22)) | C22: =IF($A22="","",LET(k,(Data!$F$2:$F$1000=$A22)*(Data!$E$2:$E$1000<>""),IF(SUM(k)=0,0,COUNTA(UNIQUE(FILTER(Data!$E$2:$E$1000,k)))))) | D22: =IF($A22="","",COUNTIFS(Data!$F$2:$F$1000,$A22,Calc!$C$2:$C$1000,"Active")) | E22: =IF($A22="","",IFERROR($B22/$A$5,0)) | F22: =IF($A22="","",REPT("|",ROUND($E22*24,0))) | G22: =IF($A22="","",LET(v,MINIFS(Calc!$A$2:$A$1000,Data!$F$2:$F$1000,$A22,Calc!$A$2:$A$1000,"<>"),IF(v=0,"",v)))
... B69: =IF($A69="","",COUNTIF(Data!$F$2:$F$1000,$A69)) | C69: =IF($A69="","",LET(k,(Data!$F$2:$F$1000=$A69)*(Data!$E$2:$E$1000<>""),IF(SUM(k)=0,0,COUNTA(UNIQUE(FILTER(Data!$E$2:$E$1000,k)))))) | D69: =IF($A69="","",COUNTIFS(Data!$F$2:$F$1000,$A69,Calc!$C$2:$C$1000,"Active")) | E69: =IF($A69="","",IFERROR($B69/$A$5,0)) | F69: =IF($A69="","",REPT("|",ROUND($E69*24,0))) | G69: =IF($A69="","",LET(v,MINIFS(Calc!$A$2:$A$1000,Data!$F$2:$F$1000,$A69,Calc!$A$2:$A$1000,"<>"),IF(v=0,"",v)))

Sheet Projects
A1: Search | C1: Department | E1: Owner | G1: =SUMPRODUCT((Data!$A$2:$A$1000<>"")*((($B$1="")+ISNUMBER(SEARCH($B$1,Data!$A$2:$A$1000&" "&Data!$B$2:$B$1000&" "&Data!$E$2:$E$1000&" "&Data!$F$2:$F$1000)))>0)*((($D$1="")+(Data!$F$2:$F$1000=$D$1))>0)*((($F$1="")+(Data!$E$2:$E$1000=$F$1))>0))&" of "&COUNTA(Data!$A$2:$A$1000)&" projects"
A2: Project | B2: Impact | C2: Start | D2: End | E2: Owner | F2: Department | G2: Status
A3: =IFERROR(FILTER(CHOOSE({1,2,3,4,5,6,7},Data!$A$2:$A$1000,Data!$B$2:$B$1000,Calc!$A$2:$A$1000,Calc!$B$2:$B$1000,Data!$E$2:$E$1000,Data!$F$2:$F$1000,Calc!$C$2:$C$1000),(Data!$A$2:$A$1000<>"")*((($B$1="")+ISNUMBER(SEARCH($B$1,Data!$A$2:$A$1000&" "&Data!$B$2:$B$1000&" "&Data!$E$2:$E$1000&" "&Data!$F$2:$F$1000)))>0)*((($D$1="")+(Data!$F$2:$F$1000=$D$1))>0)*((($F$1="")+(Data!$E$2:$E$1000=$F$1))>0)),"No projects match the current filters.")

Sheet Timeline
A1: Project | B1: Department | C1: Start | D1: End | E1: Status | F1: =TEXT(F2,"yy")&" Q"&ROUNDUP(MONTH(F2)/3,0) | G1: =TEXT(G2,"yy")&" Q"&ROUNDUP(MONTH(G2)/3,0) | H1: =TEXT(H2,"yy")&" Q"&ROUNDUP(MONTH(H2)/3,0) | I1: =TEXT(I2,"yy")&" Q"&ROUNDUP(MONTH(I2)/3,0) | J1: =TEXT(J2,"yy")&" Q"&ROUNDUP(MONTH(J2)/3,0) | K1: =TEXT(K2,"yy")&" Q"&ROUNDUP(MONTH(K2)/3,0) | L1: =TEXT(L2,"yy")&" Q"&ROUNDUP(MONTH(L2)/3,0) | M1: =TEXT(M2,"yy")&" Q"&ROUNDUP(MONTH(M2)/3,0)
F2: =IF(COUNT(Calc!$A$2:$A$1000)=0,DATE(YEAR(TODAY()),1,1),DATE(YEAR(MIN(Calc!$A$2:$A$1000)),INT((MONTH(MIN(Calc!$A$2:$A$1000))-1)/3)*3+1,1)) | G2: =EDATE(F2,3) | H2: =EDATE(G2,3) | I2: =EDATE(H2,3) | J2: =EDATE(I2,3) | K2: =EDATE(J2,3) | L2: =EDATE(K2,3) | M2: =EDATE(L2,3)
A3: =IFERROR(SORT(FILTER(CHOOSE({1,2,3,4,5},Data!$A$2:$A$1000,Data!$F$2:$F$1000,Calc!$A$2:$A$1000,Calc!$B$2:$B$1000,Calc!$C$2:$C$1000),Data!$A$2:$A$1000<>""),3,1),"")

Sheet Data
A1: Project Name | B1: Project Impact | C1: Start Date | D1: End Date | E1: Project Owner | F1: Department
